FLT_NO|SCH_DEP_DT|DEP_PORT|ARR_PORT|AC_NAME|AA_CODE|TKT_TYPE|SERVICE_TYPE|SEGMENT_DOMESTIC|FLIGHT_GROUP_NAME|CAPACITY|SR_NAME|GSA_SR_NAME|FULL_NAME|SR_CITY|SR_COUNTRY|SR_TYPE|REPORTING_GROUP_NAME|IS_GROUP|SR_GROUP1|SR_GROUP2|SR_GROUP3|SR_GROUP4|FARE_BASIS|SOURCE|OPER_TYPE|RCAT|CURRENCY|DATE_OF_ACTION|SEAT_SELL_FARE_AMOUNT|EXCESS_BAGG_FARE_AMOUNT|WEIGHT_BAGG_FARE_AMOUNT|CATERING_FARE_AMOUNT|PAX_FARE_AMOUNT|TOTAL_FARE_AMOUNT|TAX_AMOUNT|SURCHARGE_AMOUNT|SERVICE_FEE_AMOUNT|PENALTY_AMOUNT|COMMISSION_AMOUNT|TF_AMOUNT|LOC_SEAT_SELL_FARE_AMOUNT|LOC_EXCESS_BAGG_FARE_AMOUNT|LOC_WEIGHT_BAGG_FARE_AMOUNT|LOC_CATERING_FARE_AMOUNT|LOC_PAX_FARE_AMOUNT|LOC_TOTAL_FARE_AMOUNT|LOC_TAX_AMOUNT|LOC_SURCHARGE_AMOUNT|LOC_SERVICE_FEE_AMOUNT|LOC_PENALTY_AMOUNT|DISCOUNT_AMOUNT|LOC_DISCOUNT_AMOUNT|LOC_COMMISSION_AMOUNT|LOC_TF_AMOUNT|PAX_OTHER_COUNT|PAX_ADULT_COUNT|PAX_CHILD_COUNT|PAX_INFANT_COUNT|PAD_PASS_COUNT|BAGG_CABIN_COUNT|BAGG_EXCESS_COUNT|WEIGHT_BAGG_COUNT|SEAT_SOLD_COUNT|AVG_ADVANCE_SALES_DAY_COUNT
313|22-06-2024|LOS|PHC|5NBYQ|N2|T|J|T|AERO|136|DHARR TRAVELS AND LOGISTICS LIMITED|DHARR TRAVELS AND LOGISTICS LIMITED|A889CM36|LOS|NG|AG|AERO|F|||||YOWDOMA|PAX|Domestic|ACT|NGN|22-06-2024|0|0|0|0|351190|351190|37500|300000|0|0|-21070|0|0|0|0|0|351190|351190|37500|300000|0|0|0|0|-21070|0|0|5|0|0|0|0|0|0|5|0
314|22-06-2024|PHC|LOS|5NBYQ|N2|M|J|T|AERO|136|CALL CENTER|CALL CENTER|P054SB65|LOS|NG|OF|AERO|F|ALL||||YOWDOMW|PAX|Domestic|ACT|NGN|22-06-2024|0|0|0|0|0|3000|0|0|0|0|0|0|0|0|0|0|0|3000|0|0|0|0|0|0|0|0|0|0|0|0|0|0|0|0|0|0
212|22-06-2024|SKO|ABV|5NBYQ|N2|T|J|T|AERO|136|ABUJA TICKETING|ABUJA TICKETING|P503AH88|ABV|NG|OF|AERO|F|ALL||||JOWDMWB|PAX|Domestic|ACT|NGN|22-06-2024|0|0|0|0|121667|121667|2000|60000|0|0|0|0|0|0|0|0|121667|121667|2000|60000|0|0|0|0|0|0|0|1|0|0|0|0|0|0|1|0
0|22-06-2024|N/A|N/A|N/A|NG|M|| |N/A||TDIS LOGISTICS LTD|TDIS LOGISTICS LTD|AROKE CATHERINE|ABV|NG|AG|N/A|F||||||PAX|Domestic|ACT|NGN|22-06-2024|0|0|0|0|0|160|0|0|0|0|0|0|0|0|0|0|0|160|0|0|0|0|0|0|0|0|0|0|0|0|0|0|0|0|0|0
313|22-06-2024|LOS|PHC|5NBYQ|N2|T|J|T|AERO|136|B2C|B2C|Internet|LOS|NG|IN|AERO|F|||INTERNET||YOWDOMW|PAX|Domestic|ACT|NGN|22-06-2024|0|0|0|0|70238|70238|7500|60000|0|0|0|0|0|0|0|0|70238|70238|7500|60000|0|0|0|0|0|0|0|1|0|0|0|0|0|0|1|0
121|22-06-2024|LOS|ABV|5NBYQ|N2|M|J|T|AERO|136|LAGOS TICKETING|LAGOS TICKETING|NJOKUOMA VIVIAN|LOS|NG|OF|AERO|F|ALL||||QOWDOMW|PAX|Domestic|ACT|NGN|22-06-2024|0|21600|0|0|0|21600|0|0|0|0|0|0|0|21600|0|0|0|21600|0|0|0|0|0|0|0|0|0|0|0|0|0|0|3|0|0|0
130|22-06-2024|ABV|LOS|5NBYQ|N2|M|J|T|AERO|136|ABUJA TICKETING|ABUJA TICKETING|P503AH88|ABV|NG|OF|AERO|F|ALL||||YOWDOMW|PAX|Domestic|ACT|NGN|22-06-2024|0|17600|0|0|0|17600|0|0|0|0|0|0|0|17600|0|0|0|17600|0|0|0|0|0|0|0|0|0|0|0|0|0|0|1|0|0|0
314|22-06-2024|PHC|LOS|5NBYQ|N2|M|J|T|AERO|136|B2C|B2C|Internet|LOS|NG|IN|AERO|F|||INTERNET||YOWDOMW|PAX|Domestic|ACT|NGN|22-06-2024|0|0|0|0|0|6000|0|0|0|0|0|0|0|0|0|0|0|6000|0|0|0|0|0|0|0|0|0|0|0|0|0|0|0|0|0|0
0|22-06-2024|N/A|N/A|N/A|NG|M|| |N/A||ABUJA TICKETING|ABUJA TICKETING|ASIELUE EDITH IFEOMA|ABV|NG|OF|N/A|F|ALL|||||PAX|Domestic|ACT|NGN|22-06-2024|0|0|0|0|0|160|0|0|0|0|0|0|0|0|0|0|0|160|0|0|0|0|0|0|0|0|0|0|0|0|0|0|0|0|0|0
212|24-06-2024|SKO|ABV|5NBYQ|N2|T|J|T|AERO|136|B2C|B2C|Internet|LOS|NG|IN|AERO|F|||INTERNET||JOWDMWB|PAX|Domestic|ACT|NGN|22-06-2024|0|0|0|0|121667|121667|2000|60000|0|0|0|0|0|0|0|0|121667|121667|2000|60000|0|0|0|0|0|0|0|1|0|0|0|0|0|0|1|2
0|22-06-2024|N/A|N/A|N/A|NG|M|| |N/A||MEGLYN TRAVELS & TOURS|MEGLYN TRAVELS & TOURS|A592MY23|LOS|NG|AG|N/A|F||||||PAX|Domestic|ACT|NGN|22-06-2024|0|0|0|0|0|160|0|0|0|0|0|0|0|0|0|0|0|160|0|0|0|0|0|0|0|0|0|0|0|0|0|0|0|0|0|0
0|22-06-2024|N/A|N/A|N/A|NG|M|| |N/A||Rafi Consolidated Services Limited|Rafi Consolidated Services Limited|AJIRI ENOCH|LOS|NG|AG|N/A|F||||||PAX|Domestic|ACT|NGN|22-06-2024|0|0|0|0|0|160|0|0|0|0|0|0|0|0|0|0|0|160|0|0|0|0|0|0|0|0|0|0|0|0|0|0|0|0|0|0
313|22-06-2024|LOS|PHC|5NBYQ|N2|T|J|T|AERO|136|LAGOS TICKETING|LAGOS TICKETING|IKPEFAN PATRICIA|LOS|NG|OF|AERO|F|ALL||||VOWDOMW|PAX|Domestic|ACT|NGN|22-06-2024|0|0|0|0|8333|8333|7500|60000|0|0|0|0|0|0|0|0|8333|8333|7500|60000|0|0|0|0|0|0|0|1|0|0|0|0|0|0|1|0
212|22-06-2024|SKO|ABV|5NBYQ|N2|T|J|T|AERO|136|LAGOS TICKETING|LAGOS TICKETING|OGUNNIRAN ABIGAIL|LOS|NG|OF|AERO|F|ALL||||HOWDOMW|PAX|Domestic|EXP|NGN|22-06-2024|0|0|0|0|51190|51190|2000|60000|0|0|0|0|0|0|0|0|51190|51190|2000|60000|0|0|0|0|0|0|0|1|0|0|0|0|0|0|1|0
0|22-06-2024|N/A|N/A|N/A|NG|M|| |N/A||GODLINK LOGISTICS|GODLINK LOGISTICS|EJOKWU SUNDAY|LOS|NG|AG|N/A|F||||||PAX|Domestic|ACT|NGN|22-06-2024|0|0|0|0|0|480|0|0|0|0|0|0|0|0|0|0|0|480|0|0|0|0|0|0|0|0|0|0|0|0|0|0|0|0|0|0
121|22-06-2024|LOS|ABV|5NBYQ|N2|M|J|T|AERO|136|LAGOS TICKETING|LAGOS TICKETING|NJOKUOMA VIVIAN|LOS|NG|OF|AERO|F|ALL||||SOWDOMW|PAX|Domestic|ACT|NGN|22-06-2024|0|10400|0|0|0|10400|0|0|0|0|0|0|0|10400|0|0|0|10400|0|0|0|0|0|0|0|0|0|0|0|0|0|0|1|0|0|0
211|22-06-2024|ABV|SKO|5NBYQ|N2|T|J|T|AERO|136|TDIS LOGISTICS LTD|TDIS LOGISTICS LTD|OLUWANIKINYO ADEWALE|ABV|NG|AG|AERO|F|||||YOWDOMA|PAX|Domestic|ACT|NGN|22-06-2024|0|0|0|0|70238|70238|2000|60000|0|0|-4214|0|0|0|0|0|70238|70238|2000|60000|0|0|0|0|-4214|0|0|1|0|0|0|0|0|0|1|0
0|22-06-2024|N/A|N/A|N/A|NG|M|| |N/A||BUKTEXTRAVELS AND LOGISTICS|BUKTEXTRAVELS AND LOGISTICS|ABIMBOLA KUDIRAT|LOS|NG|AG|N/A|F||||||PAX|Domestic|ACT|NGN|22-06-2024|0|0|0|0|0|160|0|0|0|0|0|0|0|0|0|0|0|160|0|0|0|0|0|0|0|0|0|0|0|0|0|0|0|0|0|0
212|22-06-2024|SKO|ABV|5NBYQ|N2|T|J|T|AERO|136|SOKOTO TICKETING|SOKOTO TICKETING|BELLO ABDULKADIR|SKO|NG|OF|AERO|F|||||YOWDOMA|PAX|Domestic|ACT|NGN|22-06-2024|0|0|0|0|34268|34268|2000|60000|0|0|0|0|0|0|0|0|34268|34268|2000|60000|0|0|0|0|0|0|0|1|0|0|0|0|0|0|1|0
313|22-06-2024|LOS|PHC|5NBYQ|N2|M|J|T|AERO|136|LAGOS TICKETING|LAGOS TICKETING|HANIN MARIAM SALAMI|LOS|NG|OF|AERO|F|ALL||||NOWDOMW|PAX|Domestic|ACT|NGN|22-06-2024|0|5600|0|0|0|5600|0|0|0|0|0|0|0|5600|0|0|0|5600|0|0|0|0|0|0|0|0|0|0|0|0|0|0|1|0|0|0
314|22-06-2024|PHC|LOS|5NBYQ|N2|T|J|T|AERO|136|B2C|B2C|Internet|LOS|NG|IN|AERO|F|||INTERNET||YOWDOMW|PAX|Domestic|ACT|NGN|22-06-2024|0|0|0|0|421428|421428|12000|360000|0|0|0|0|0|0|0|0|421428|421428|12000|360000|0|0|0|0|0|0|0|6|0|0|0|0|0|0|6|0
0|22-06-2024|N/A|N/A|N/A|NG|M|| |N/A||Rafi Consolidated Services Limited|Rafi Consolidated Services Limited|ABUBAKAR USMAN|LOS|NG|AG|N/A|F||||||PAX|Domestic|ACT|NGN|22-06-2024|0|0|0|0|0|160|0|0|0|0|0|0|0|0|0|0|0|160|0|0|0|0|0|0|0|0|0|0|0|0|0|0|0|0|0|0
313|23-06-2024|LOS|PHC|5NBYQ|N2|T|J|T|AERO|136|CALL CENTER|CALL CENTER|P054SB65|LOS|NG|OF|AERO|F|ALL||||YOWDOMW|PAX|Domestic|ACT|NGN|22-06-2024|0|0|0|0|70238|70238|7500|60000|0|0|0|0|0|0|0|0|70238|70238|7500|60000|0|0|0|0|0|0|0|1|0|0|0|0|0|0|1|1
313|22-06-2024|LOS|PHC|5NBYQ|N2|M|J|T|AERO|136|LAGOS TICKETING|LAGOS TICKETING|HANIN MARIAM SALAMI|LOS|NG|OF|AERO|F|ALL||||HOWDOMW|PAX|Domestic|ACT|NGN|22-06-2024|0|16000|0|0|0|16000|0|0|0|0|0|0|0|16000|0|0|0|16000|0|0|0|0|0|0|0|0|0|0|0|0|0|0|1|0|0|0
314|22-06-2024|PHC|LOS|5NBYQ|N2|M|J|T|AERO|136|B2C|B2C|Internet|LOS|NG|IN|AERO|F|||INTERNET||BOWDOMW|PAX|Domestic|ACT|NGN|22-06-2024|0|0|0|0|0|3000|0|0|0|0|0|0|0|0|0|0|0|3000|0|0|0|0|0|0|0|0|0|0|0|0|0|0|0|0|0|0
121|22-06-2024|LOS|ABV|5NBYQ|N2|M|J|T|AERO|136|LAGOS TICKETING|LAGOS TICKETING|NJOKUOMA VIVIAN|LOS|NG|OF|AERO|F|ALL||||BOWDOMW|PAX|Domestic|ACT|NGN|22-06-2024|0|6400|0|0|0|6400|0|0|0|0|0|0|0|6400|0|0|0|6400|0|0|0|0|0|0|0|0|0|0|0|0|0|0|1|0|0|0
142|23-06-2024|KAN|LOS|5NBYQ|N2|T|J|T|AERO|136|GODLINK LOGISTICS|GODLINK LOGISTICS|EJOKWU SUNDAY|LOS|NG|AG|AERO|F|||||YOWDOMW|PAX|Domestic|ACT|NGN|22-06-2024|0|0|0|0|70238|70238|2000|60000|0|0|-4214|0|0|0|0|0|70238|70238|2000|60000|0|0|0|0|-4214|0|0|1|0|0|0|0|0|0|1|1
0|22-06-2024|N/A|N/A|N/A|NG|M|| |N/A||HEXCEL TRAVELS|HEXCEL TRAVELS|JAMIL SHEHU USMAN|SKO|NG|AG|N/A|F||||||PAX|Domestic|ACT|NGN|22-06-2024|0|0|0|0|0|160|0|0|0|0|0|0|0|0|0|0|0|160|0|0|0|0|0|0|0|0|0|0|0|0|0|0|0|0|0|0
313|22-06-2024|LOS|PHC|5NBYQ|N2|T|J|T|AERO|136|CALL CENTER|CALL CENTER|BLESSING IKPEAMA|LOS|NG|OF|AERO|F|ALL||||YID00S1|PAX|Domestic|ACT|NGN|22-06-2024|0|0|0|0|0|0|0|0|0|0|0|0|0|0|0|0|0|0|0|0|0|0|0|0|0|0|0|1|0|0|1|0|0|0|1|0
0|22-06-2024|N/A|N/A|N/A|NG|M|| |N/A||LILY-RAZI TRAVELS AND LOGISTICS|LILY-RAZI TRAVELS AND LOGISTICS|LINDA ACHONG|CBQ|NG|AG|N/A|F||||||PAX|Domestic|ACT|NGN|22-06-2024|0|0|0|0|0|800|0|0|0|0|0|0|0|0|0|0|0|800|0|0|0|0|0|0|0|0|0|0|0|0|0|0|0|0|0|0
112|22-06-2024|YOL|ABV|5NBYQ|N2|M|J|T|AERO|136|YOLA TICKETING|YOLA TICKETING|RICHARD DAVID UCHENNIA|YOL|NG|OF|AERO|F|||||ROWDOMA|PAX|Domestic|ACT|NGN|22-06-2024|0|13600|0|0|0|13600|0|0|0|0|0|0|0|13600|0|0|0|13600|0|0|0|0|0|0|0|0|0|0|0|0|0|0|1|0|0|0
112|22-06-2024|YOL|ABV|5NBYQ|N2|T|J|T|AERO|136|HB GLOBAL TRAVELS LIMITED|HB GLOBAL TRAVELS LIMITED|RASHIDA SALIHU|YOL|NG|AG|AERO|F|||||YOWDOMA|PAX|Domestic|ACT|NGN|22-06-2024|0|0|0|0|37187|37187|2000|60000|0|0|-2231|0|0|0|0|0|37187|37187|2000|60000|0|0|0|0|-2231|0|0|1|0|0|0|0|0|0|1|0
381|23-06-2024|ABV|PHC|5NBYQ|N2|T|J|T|AERO|136|B2C|B2C|Internet|LOS|NG|IN|AERO|F|||INTERNET||TOWDMW|PAX|Domestic|ACT|NGN|22-06-2024|0|0|0|0|2000|2000|2000|60000|0|0|0|0|0|0|0|0|2000|2000|2000|60000|0|0|0|0|0|0|0|1|0|0|0|0|0|0|1|1
313|22-06-2024|LOS|PHC|5NBYQ|N2|M|J|T|AERO|136|LAGOS TICKETING|LAGOS TICKETING|HANIN MARIAM SALAMI|LOS|NG|OF|AERO|F|ALL||||MOWDMWB|PAX|Domestic|ACT|NGN|22-06-2024|0|24000|0|0|0|24000|0|0|0|0|0|0|0|24000|0|0|0|24000|0|0|0|0|0|0|0|0|0|0|0|0|0|0|1|0|0|0
121|23-06-2024|LOS|ABV|5NBYQ|N2|T|J|T|AERO|136|B2C|B2C|Internet|LOS|NG|IN|AERO|F|||INTERNET||JOWDMWB|PAX|Domestic|ACT|NGN|22-06-2024|0|0|0|0|243334|243334|15000|120000|0|0|0|0|0|0|0|0|243334|243334|15000|120000|0|0|0|0|0|0|0|2|0|0|0|0|0|0|2|1
212|22-06-2024|SKO|ABV|5NBYQ|N2|T|J|T|AERO|136|SOKOTO TICKETING|SOKOTO TICKETING|BELLO ABDULKADIR|SKO|NG|OF|AERO|F|||||YOWDOMW|PAX|Domestic|ACT|NGN|22-06-2024|0|0|0|0|351190|351190|10000|300000|0|0|0|0|0|0|0|0|351190|351190|10000|300000|0|0|0|0|0|0|0|5|0|0|0|0|0|0|5|0
211|22-06-2024|ABV|SKO|5NBYQ|N2|T|J|T|AERO|136|DE PREFERRED SPRING TRAVELS LTD|DE PREFERRED SPRING TRAVELS LTD|MICHA MUSA|ABV|NG|AG|AERO|F|||||ROWDOMA|PAX|Domestic|ACT|NGN|22-06-2024|0|0|0|0|64286|64286|4000|120000|0|0|-3858|0|0|0|0|0|64286|64286|4000|120000|0|0|0|0|-3858|0|0|2|0|0|0|0|0|0|2|0
0|22-06-2024|N/A|N/A|N/A|NG|M|| |N/A||CALL CENTER|CALL CENTER|OLUCHIE|LOS|NG|OF|N/A|F|ALL|||||PAX|Domestic|ACT|NGN|22-06-2024|0|0|0|0|0|3680|0|0|0|0|0|0|0|0|0|0|0|3680|0|0|0|0|0|0|0|0|0|0|0|0|0|0|0|0|0|0
121|22-06-2024|LOS|ABV|5NBYQ|N2|M|J|T|AERO|136|CALL CENTER|CALL CENTER|OLUCHIE|LOS|NG|OF|AERO|F|ALL||||QOWDOMW|PAX|Domestic|ACT|NGN|22-06-2024|0|0|0|0|0|3000|0|0|0|0|0|0|0|0|0|0|0|3000|0|0|0|0|0|0|0|0|0|0|0|0|0|0|0|0|0|0
130|22-06-2024|ABV|LOS|5NBYQ|N2|T|J|T|AERO|136|ABUJA TICKETING|ABUJA TICKETING|P503AH88|ABV|NG|OF|AERO|F|ALL||||COWDMWB|PAX|Domestic|ACT|NGN|22-06-2024|0|0|0|0|114048|114048|2000|60000|0|0|0|0|0|0|0|0|114048|114048|2000|60000|0|0|0|0|0|0|0|1|0|0|0|0|0|0|1|0
0|22-06-2024|N/A|N/A|N/A|NG|M|| |N/A||LAGOS TICKETING|LAGOS TICKETING|NJOKUOMA VIVIAN|LOS|NG|OF|N/A|F|ALL|||||PAX|Domestic|ACT|NGN|22-06-2024|0|0|0|0|0|480|0|0|0|0|0|0|0|0|0|0|0|480|0|0|0|0|0|0|0|0|0|0|0|0|0|0|0|0|0|0
313|22-06-2024|LOS|PHC|5NBYQ|N2|T|J|T|AERO|136|LAGOS TICKETING|LAGOS TICKETING|HANIN MARIAM SALAMI|LOS|NG|OF|AERO|F|ALL||||COWDMWB|PAX|Domestic|ACT|NGN|22-06-2024|0|0|0|0|114048|114048|7500|60000|0|0|0|0|0|0|0|0|114048|114048|7500|60000|0|0|0|0|0|0|0|1|0|0|0|0|0|0|1|0
211|22-06-2024|ABV|SKO|5NBYQ|N2|T|J|T|AERO|136|CALL CENTER|CALL CENTER|OLUCHIE|LOS|NG|OF|AERO|F|ALL||||OOWDOMW|PAX|Domestic|ACT|NGN|22-06-2024|0|0|0|0|22619|22619|2000|60000|0|0|0|0|0|0|0|0|22619|22619|2000|60000|0|0|0|0|0|0|0|1|0|0|0|0|0|0|1|0
0|22-06-2024|N/A|N/A|N/A|NG|M|| |N/A||LAGOS TICKETING|LAGOS TICKETING|IKPEFAN PATRICIA|LOS|NG|OF|N/A|F|ALL|||||PAX|Domestic|ACT|NGN|22-06-2024|0|0|0|0|0|160|0|0|0|0|0|0|0|0|0|0|0|160|0|0|0|0|0|0|0|0|0|0|0|0|0|0|0|0|0|0
0|22-06-2024|N/A|N/A|N/A|NG|M|| |N/A||DE PREFERRED SPRING TRAVELS LTD|DE PREFERRED SPRING TRAVELS LTD|A020WM04|ABV|NG|AG|N/A|F||||||PAX|Domestic|ACT|NGN|22-06-2024|0|0|0|0|0|320|0|0|0|0|0|0|0|0|0|0|0|320|0|0|0|0|0|0|0|0|0|0|0|0|0|0|0|0|0|0
212|22-06-2024|SKO|ABV|5NBYQ|N2|M|J|T|AERO|136|SOKOTO TICKETING|SOKOTO TICKETING|BELLO ABDULKADIR|SKO|NG|OF|AERO|F|||||SOWDOMW|PAX|Domestic|ACT|NGN|22-06-2024|0|4000|0|0|0|4000|0|0|0|0|0|0|0|4000|0|0|0|4000|0|0|0|0|0|0|0|0|0|0|0|0|0|0|1|0|0|0
0|22-06-2024|N/A|N/A|N/A|NG|M|| |N/A||CALL CENTER|CALL CENTER| ESTHER ODUNAIKE OLUWASEUN |LOS|NG|OF|N/A|F|ALL|||||PAX|Domestic|ACT|NGN|22-06-2024|0|0|0|0|0|480|0|0|0|0|0|0|0|0|0|0|0|480|0|0|0|0|0|0|0|0|0|0|0|0|0|0|0|0|0|0
130|22-06-2024|ABV|LOS|5NBYQ|N2|T|J|T|AERO|136|B2C|B2C|Internet|LOS|NG|IN|AERO|F|||INTERNET||JOWDMWB|PAX|Domestic|ACT|NGN|22-06-2024|0|0|0|0|305642|305642|6000|180000|0|0|0|0|0|0|0|0|305642|305642|6000|180000|0|0|0|0|0|0|0|3|0|0|0|0|0|0|3|0
314|22-06-2024|PHC|LOS|5NBYQ|N2|T|J|T|AERO|136|B2C|B2C|Internet|LOS|NG|IN|AERO|F|||INTERNET||BOWDOMW|PAX|Domestic|ACT|NGN|22-06-2024|0|0|0|0|111904|111904|4000|120000|0|0|0|0|0|0|0|0|111904|111904|4000|120000|0|0|0|0|0|0|0|2|0|0|0|0|0|0|2|0
0|22-06-2024|N/A|N/A|N/A|NG|M|| |N/A||CALL CENTER|CALL CENTER|EMEKA ANDREW BENYEOGO|LOS|NG|OF|N/A|F|ALL|||||PAX|Domestic|ACT|NGN|22-06-2024|0|0|0|0|0|160|0|0|0|0|0|0|0|0|0|0|0|160|0|0|0|0|0|0|0|0|0|0|0|0|0|0|0|0|0|0
121|22-06-2024|LOS|ABV|5NBYQ|N2|T|J|T|AERO|136|CALL CENTER|CALL CENTER|OLUCHIE|LOS|NG|OF|AERO|F|ALL||||KOWDMWB|PAX|Domestic|ACT|NGN|22-06-2024|0|0|0|0|92858|92858|15000|120000|0|0|0|0|0|0|0|0|92858|92858|15000|120000|0|0|0|0|0|0|0|2|0|0|0|0|0|0|2|0
211|23-06-2024|ABV|SKO|5NBYQ|N2|T|J|T|AERO|136|B2C|B2C|Internet|LOS|NG|IN|AERO|F|||INTERNET||SOWDMAG|PAX|Domestic|ACT|NGN|22-06-2024|0|0|0|0|60714|60714|2000|60000|0|0|0|0|0|0|0|0|60714|60714|2000|60000|0|0|0|0|0|0|0|1|0|0|0|0|0|0|1|1
0|22-06-2024|N/A|N/A|N/A|NG|M|| |N/A||TEMMAWIDE TRAVEL LIMITED|TEMMAWIDE TRAVEL LIMITED|EMMANUEL OKHUMALE|LOS|NG|AG|N/A|F||||||PAX|Domestic|ACT|NGN|22-06-2024|0|0|0|0|0|160|0|0|0|0|0|0|0|0|0|0|0|160|0|0|0|0|0|0|0|0|0|0|0|0|0|0|0|0|0|0
130|22-06-2024|ABV|LOS|5NBYQ|N2|T|J|T|AERO|136|CHELLAS TRAVELS|CHELLAS TRAVELS|OYOGHO EMMANUEL|ABV|NG|AG|AERO|F|||||JOWDMWB|PAX|Domestic|ACT|NGN|22-06-2024|0|0|0|0|121667|121667|2000|60000|0|0|-7300|0|0|0|0|0|121667|121667|2000|60000|0|0|0|0|-7300|0|0|1|0|0|0|0|0|0|1|0
0|22-06-2024|N/A|N/A|N/A|NG|M|| |N/A||CHELLAS TRAVELS|CHELLAS TRAVELS|OYOGHO EMMANUEL|ABV|NG|AG|N/A|F||||||PAX|Domestic|ACT|NGN|22-06-2024|0|0|0|0|0|320|0|0|0|0|0|0|0|0|0|0|0|320|0|0|0|0|0|0|0|0|0|0|0|0|0|0|0|0|0|0
113|22-06-2024|ABV|YOL|5NBYQ|N2|M|J|T|AERO|136|ABUJA TICKETING|ABUJA TICKETING|ASIELUE EDITH IFEOMA|ABV|NG|OF|AERO|F|ALL||||POWDOMW|PAX|Domestic|ACT|NGN|22-06-2024|0|12800|0|0|0|12800|0|0|0|0|0|0|0|12800|0|0|0|12800|0|0|0|0|0|0|0|0|0|0|0|0|0|0|2|0|0|0
212|22-06-2024|SKO|ABV|5NBYQ|N2|T|J|T|AERO|136|SOKOTO TICKETING|SOKOTO TICKETING|BELLO ABDULKADIR|SKO|NG|OF|AERO|F|||||JOWDMWB|PAX|Domestic|ACT|NGN|22-06-2024|0|0|0|0|121667|121667|2000|60000|0|0|0|0|0|0|0|0|121667|121667|2000|60000|0|0|0|0|0|0|0|1|0|0|0|0|0|0|1|0
313|22-06-2024|LOS|PHC|5NBYQ|N2|M|J|T|AERO|136|LAGOS TICKETING|LAGOS TICKETING|HANIN MARIAM SALAMI|LOS|NG|OF|AERO|F|ALL||||SOWDOMW|PAX|Domestic|ACT|NGN|22-06-2024|0|9600|0|0|0|9600|0|0|0|0|0|0|0|9600|0|0|0|9600|0|0|0|0|0|0|0|0|0|0|0|0|0|0|1|0|0|0
130|22-06-2024|ABV|LOS|5NBYQ|N2|M|J|T|AERO|136|ABUJA TICKETING|ABUJA TICKETING|P503AH88|ABV|NG|OF|AERO|F|ALL||||COWDMWB|PAX|Domestic|ACT|NGN|22-06-2024|0|53600|0|0|0|53600|0|0|0|0|0|0|0|53600|0|0|0|53600|0|0|0|0|0|0|0|0|0|0|0|0|0|0|2|0|0|0
0|22-06-2024|N/A|N/A|N/A|NG|M|| |N/A||JOLLY TRAVELS AND TOURS|JOLLY TRAVELS AND TOURS|A062YN31|LOS|NG|AG|N/A|F||||||PAX|Domestic|ACT|NGN|22-06-2024|0|0|0|0|0|320|0|0|0|0|0|0|0|0|0|0|0|320|0|0|0|0|0|0|0|0|0|0|0|0|0|0|0|0|0|0
313|23-06-2024|LOS|PHC|5NBYQ|N2|T|J|T|AERO|136|CALL CENTER|CALL CENTER|OLUCHIE|LOS|NG|OF|AERO|F|ALL||||YOWDOMW|PAX|Domestic|ACT|NGN|22-06-2024|0|0|0|0|70238|70238|7500|60000|0|0|0|0|0|0|0|0|70238|70238|7500|60000|0|0|0|0|0|0|0|1|0|0|0|0|0|0|1|1
212|22-06-2024|SKO|ABV|5NBYQ|N2|T|J|T|AERO|136|B2C|B2C|Internet|LOS|NG|IN|AERO|F|||INTERNET||JOWDMWB|PAX|Domestic|ACT|NGN|22-06-2024|0|0|0|0|59359|59359|2000|60000|0|0|0|0|0|0|0|0|59359|59359|2000|60000|0|0|0|0|0|0|0|1|0|0|0|0|0|0|1|0
142|23-06-2024|KAN|LOS|5NBYQ|N2|T|J|T|AERO|136|B2C|B2C|Internet|LOS|NG|IN|AERO|F|||INTERNET||YOWDOMW|PAX|Domestic|ACT|NGN|22-06-2024|0|0|0|0|70238|70238|2000|60000|0|0|0|0|0|0|0|0|70238|70238|2000|60000|0|0|0|0|0|0|0|1|0|0|0|0|0|0|1|1
0|22-06-2024|N/A|N/A|N/A|NG|M|| |N/A||WALKTHROUGH9JA LOGISTICS SERVICE LIMITED|WALKTHROUGH9JA LOGISTICS SERVICE LIMITED|CHUKWU IFEYINWA|LOS|NG|AG|N/A|F||||||PAX|Domestic|ACT|NGN|22-06-2024|0|0|0|0|0|160|0|0|0|0|0|0|0|0|0|0|0|160|0|0|0|0|0|0|0|0|0|0|0|0|0|0|0|0|0|0
121|22-06-2024|LOS|ABV|5NBYQ|N2|M|J|T|AERO|136|LAGOS TICKETING|LAGOS TICKETING|NJOKUOMA VIVIAN|LOS|NG|OF|AERO|F|ALL||||OOWDOMA|PAX|Domestic|ACT|NGN|22-06-2024|0|4800|0|0|0|4800|0|0|0|0|0|0|0|4800|0|0|0|4800|0|0|0|0|0|0|0|0|0|0|0|0|0|0|1|0|0|0
313|22-06-2024|LOS|PHC|5NBYQ|N2|T|J|T|AERO|136|LAGOS TICKETING|LAGOS TICKETING|OGUNNIRAN ABIGAIL|LOS|NG|OF|AERO|F|ALL||||VOWDOMW|PAX|Domestic|ACT|NGN|22-06-2024|0|0|0|0|0|0|0|0|0|0|0|0|0|0|0|0|0|0|0|0|0|0|0|0|0|0|0|1|0|0|0|0|0|0|1|0
211|22-06-2024|ABV|SKO|5NBYQ|N2|T|J|T|AERO|136|CALL CENTER|CALL CENTER|OLUCHIE|LOS|NG|OF|AERO|F|ALL||||POWDOMW|PAX|Domestic|ACT|NGN|22-06-2024|0|0|0|0|17857|17857|2000|60000|0|0|0|0|0|0|0|0|17857|17857|2000|60000|0|0|0|0|0|0|0|1|0|0|0|0|0|0|1|0
313|23-06-2024|LOS|PHC|5NBYQ|N2|T|J|T|AERO|136|B2C|B2C|Internet|LOS|NG|IN|AERO|F|||INTERNET||COWDMWB|PAX|Domestic|ACT|NGN|22-06-2024|0|0|0|0|228096|228096|15000|120000|0|0|0|0|0|0|0|0|228096|228096|15000|120000|0|0|0|0|0|0|0|2|0|0|0|0|0|0|2|1
0|22-06-2024|N/A|N/A|N/A|NG|M|| |N/A||CALL CENTER|CALL CENTER|BLESSING IKPEAMA|LOS|NG|OF|N/A|F|ALL|||||PAX|Domestic|ACT|NGN|22-06-2024|0|0|0|0|0|800|0|0|0|0|0|0|0|0|0|0|0|800|0|0|0|0|0|0|0|0|0|0|0|0|0|0|0|0|0|0
314|22-06-2024|PHC|LOS|5NBYQ|N2|T|J|T|AERO|136|CALL CENTER|CALL CENTER|P054SB65|LOS|NG|OF|AERO|F|ALL||||SOWDOMW|PAX|Domestic|ACT|NGN|22-06-2024|0|0|0|0|121428|121428|4000|120000|0|0|0|0|0|0|0|0|121428|121428|4000|120000|0|0|0|0|0|0|0|2|0|0|0|0|0|0|2|0
113|22-06-2024|ABV|YOL|5NBYQ|N2|M|J|T|AERO|136|ABUJA TICKETING|ABUJA TICKETING|ASIELUE EDITH IFEOMA|ABV|NG|OF|AERO|F|ALL||||VOWDOMW|PAX|Domestic|ACT|NGN|22-06-2024|0|15200|0|0|0|15200|0|0|0|0|0|0|0|15200|0|0|0|15200|0|0|0|0|0|0|0|0|0|0|0|0|0|0|2|0|0|0
121|22-06-2024|LOS|ABV|5NBYQ|N2|T|J|T|AERO|136|LAGOS TICKETING|LAGOS TICKETING|OGUNNIRAN ABIGAIL|LOS|NG|OF|AERO|F|ALL||||SOWDOMW|PAX|Domestic|ACT|NGN|22-06-2024|0|0|0|0|121428|121428|15000|120000|0|0|0|0|0|0|0|0|121428|121428|15000|120000|0|0|0|0|0|0|0|2|0|0|0|0|0|0|2|0
0|22-06-2024|N/A|N/A|N/A|NG|M|| |N/A||ASABA TICKETING|ASABA TICKETING|CHUKWURAH ROSE|ABB|NG|OF|N/A|F||||||PAX|Domestic|ACT|NGN|22-06-2024|0|0|0|0|0|160|0|0|0|0|0|0|0|0|0|0|0|160|0|0|0|0|0|0|0|0|0|0|0|0|0|0|0|0|0|0
113|22-06-2024|ABV|YOL|5NBYQ|N2|M|J|T|AERO|136|ABUJA TICKETING|ABUJA TICKETING|ASIELUE EDITH IFEOMA|ABV|NG|OF|AERO|F|ALL||||NOWDOMA|PAX|Domestic|ACT|NGN|22-06-2024|0|4000|0|0|0|4000|0|0|0|0|0|0|0|4000|0|0|0|4000|0|0|0|0|0|0|0|0|0|0|0|0|0|0|1|0|0|0
211|22-06-2024|ABV|SKO|5NBYQ|N2|M|J|T|AERO|136|ABUJA TICKETING|ABUJA TICKETING|ASIELUE EDITH IFEOMA|ABV|NG|OF|AERO|F|ALL||||NOWDOMW|PAX|Domestic|ACT|NGN|22-06-2024|0|8800|0|0|0|8800|0|0|0|0|0|0|0|8800|0|0|0|8800|0|0|0|0|0|0|0|0|0|0|0|0|0|0|1|0|0|0
121|22-06-2024|LOS|ABV|5NBYQ|N2|M|J|T|AERO|136|LAGOS TICKETING|LAGOS TICKETING|NJOKUOMA VIVIAN|LOS|NG|OF|AERO|F|ALL||||VOWDOMA|PAX|Domestic|ACT|NGN|22-06-2024|0|3200|0|0|0|3200|0|0|0|0|0|0|0|3200|0|0|0|3200|0|0|0|0|0|0|0|0|0|0|0|0|0|0|1|0|0|0
130|22-06-2024|ABV|LOS|5NBYQ|N2|M|J|T|AERO|136|ABUJA TICKETING|ABUJA TICKETING|P503AH88|ABV|NG|OF|AERO|F|ALL||||OOWDOMW|PAX|Domestic|ACT|NGN|22-06-2024|0|5600|0|0|0|5600|0|0|0|0|0|0|0|5600|0|0|0|5600|0|0|0|0|0|0|0|0|0|0|0|0|0|0|1|0|0|0
382|24-06-2024|PHC|ABV|5NBYQ|N2|T|J|T|AERO|136|PORTHARCOURT TICKETING|PORTHARCOURT TICKETING|GLORIA IBANGA|PHG|NG|OF|AERO|F|||||YOWDOMW|PAX|Domestic|ACT|NGN|22-06-2024|0|0|0|0|70238|70238|2000|60000|0|0|0|0|0|0|0|0|70238|70238|2000|60000|0|0|0|0|0|0|0|1|0|0|0|0|0|0|1|2
0|22-06-2024|N/A|N/A|N/A|NG|M|| |N/A||KANO TICKETING|KANO TICKETING|IBRAHIM ABDU BWALA |KAN|NG|OF|N/A|F||||||PAX|Domestic|ACT|NGN|22-06-2024|0|0|0|0|0|800|0|0|0|0|0|0|0|0|0|0|0|800|0|0|0|0|0|0|0|0|0|0|0|0|0|0|0|0|0|0
314|22-06-2024|PHC|LOS|5NBYQ|N2|T|J|T|AERO|136|GODLINK LOGISTICS|GODLINK LOGISTICS|EJOKWU SUNDAY|LOS|NG|AG|AERO|F|||||SOWDOMW|PAX|Domestic|ACT|NGN|22-06-2024|0|0|0|0|182142|182142|6000|180000|0|0|-10929|0|0|0|0|0|182142|182142|6000|180000|0|0|0|0|-10929|0|0|3|0|0|0|0|0|0|3|0
0|22-06-2024|N/A|N/A|N/A|NG|M|| |N/A||ABUJA TICKETING|ABUJA TICKETING|MAMZA WAVINDA JAMPERDA|ABV|NG|OF|N/A|F|ALL|||||PAX|Domestic|ACT|NGN|22-06-2024|0|0|0|0|0|160|0|0|0|0|0|0|0|0|0|0|0|160|0|0|0|0|0|0|0|0|0|0|0|0|0|0|0|0|0|0
0|22-06-2024|N/A|N/A|N/A|NG|M|| |N/A||SOKOTO TICKETING|SOKOTO TICKETING|BELLO ABDULKADIR|SKO|NG|OF|N/A|F||||||PAX|Domestic|ACT|NGN|22-06-2024|0|0|0|0|0|160|0|0|0|0|0|0|0|0|0|0|0|160|0|0|0|0|0|0|0|0|0|0|0|0|0|0|0|0|0|0
314|22-06-2024|PHC|LOS|5NBYQ|N2|T|J|T|AERO|136|HIREALMS GLOBAL|HIREALMS GLOBAL|OLUREMI|PHC|NG|AG|AERO|F|||||YOWDOMA|PAX|Domestic|ACT|NGN|22-06-2024|0|0|0|0|70238|70238|2000|60000|0|0|-4214|0|0|0|0|0|70238|70238|2000|60000|0|0|0|0|-4214|0|0|1|0|0|0|0|0|0|1|0
381|23-06-2024|ABV|PHC|5NBYQ|N2|T|J|T|AERO|136|B2C|B2C|Internet|LOS|NG|IN|AERO|F|||INTERNET||JOWDMWB|PAX|Domestic|ACT|NGN|22-06-2024|0|0|0|0|121667|121667|2000|60000|0|0|0|0|0|0|0|0|121667|121667|2000|60000|0|0|0|0|0|0|0|1|0|0|0|0|0|0|1|1
382|24-06-2024|PHC|ABV|5NBYQ|N2|T|J|T|AERO|136|IGONI|IGONI|IMINABO PRINCESS|PHC|NG|AG|AERO|F|||||YOWDOMW|PAX|Domestic|ACT|NGN|22-06-2024|0|0|0|0|70238|70238|2000|60000|0|0|-4214|0|0|0|0|0|70238|70238|2000|60000|0|0|0|0|-4214|0|0|1|0|0|0|0|0|0|1|2
130|22-06-2024|ABV|LOS|5NBYQ|N2|M|J|T|AERO|136|ABUJA TICKETING|ABUJA TICKETING|P503AH88|ABV|NG|OF|AERO|F|ALL||||DOWDMWB|PAX|Domestic|ACT|NGN|22-06-2024|0|15200|0|0|0|15200|0|0|0|0|0|0|0|15200|0|0|0|15200|0|0|0|0|0|0|0|0|0|0|0|0|0|0|1|0|0|0
0|22-06-2024|N/A|N/A|N/A|NG|M|| |N/A||RISING SUN TOUR LOGISTICS LTD|RISING SUN TOUR LOGISTICS LTD|SUZAN ADEKANYE|LOS|NG|AG|N/A|F||||||PAX|Domestic|ACT|NGN|22-06-2024|0|0|0|0|0|160|0|0|0|0|0|0|0|0|0|0|0|160|0|0|0|0|0|0|0|0|0|0|0|0|0|0|0|0|0|0
381|23-06-2024|ABV|PHC|5NBYQ|N2|T|J|T|AERO|136|TDIS LOGISTICS LTD|TDIS LOGISTICS LTD|NOAH OLADEJO|ABV|NG|AG|AERO|F|||||YOWDOMW|PAX|Domestic|ACT|NGN|22-06-2024|0|0|0|0|140476|140476|4000|120000|0|0|-8428|0|0|0|0|0|140476|140476|4000|120000|0|0|0|0|-8428|0|0|2|0|0|0|0|0|0|2|1
0|22-06-2024|N/A|N/A|N/A|NG|M|| |N/A||ST FRANCIS TRAVELS AND TIOURS LTD|ST FRANCIS TRAVELS AND TIOURS LTD|FRANCIS ADEYI|LOS|NG|AG|N/A|F||||||PAX|Domestic|ACT|NGN|22-06-2024|0|0|0|0|0|160|0|0|0|0|0|0|0|0|0|0|0|160|0|0|0|0|0|0|0|0|0|0|0|0|0|0|0|0|0|0
212|24-06-2024|SKO|ABV|5NBYQ|N2|T|J|T|AERO|136|SOKOTO TICKETING|SOKOTO TICKETING|BELLO ABDULKADIR|SKO|NG|OF|AERO|F|||||QOWDOMW|PAX|Domestic|ACT|NGN|22-06-2024|0|0|0|0|27381|27381|2000|60000|0|0|0|0|0|0|0|0|27381|27381|2000|60000|0|0|0|0|0|0|0|1|0|0|0|0|0|0|1|2
314|22-06-2024|PHC|LOS|5NBYQ|N2|M|J|T|AERO|136|PORTHARCOURT TICKETING|PORTHARCOURT TICKETING|GLORIA IBANGA|PHG|NG|OF|AERO|F|||||NOWDOMW|PAX|Domestic|ACT|NGN|22-06-2024|0|3200|0|0|0|3200|0|0|0|0|0|0|0|3200|0|0|0|3200|0|0|0|0|0|0|0|0|0|0|0|0|0|0|1|0|0|0
382|23-06-2024|PHC|ABV|5NBYQ|N2|T|J|T|AERO|136|B2C|B2C|Internet|LOS|NG|IN|AERO|F|||INTERNET||JOWDMWB|PAX|Domestic|ACT|NGN|22-06-2024|0|0|0|0|121667|121667|2000|60000|0|0|0|0|0|0|0|0|121667|121667|2000|60000|0|0|0|0|0|0|0|1|0|0|0|0|0|0|1|1
0|22-06-2024|N/A|N/A|N/A|NG|M|| |N/A||HIREALMS GLOBAL|HIREALMS GLOBAL|OLUREMI|PHC|NG|AG|N/A|F||||||PAX|Domestic|ACT|NGN|22-06-2024|0|0|0|0|0|320|0|0|0|0|0|0|0|0|0|0|0|320|0|0|0|0|0|0|0|0|0|0|0|0|0|0|0|0|0|0
130|22-06-2024|ABV|LOS|5NBYQ|N2|T|J|T|AERO|136|CALL CENTER|CALL CENTER|P054SB65|LOS|NG|OF|AERO|F|ALL||||LOWDOMW|PAX|Domestic|ACT|NGN|22-06-2024|0|0|0|0|41667|41667|2000|60000|0|0|0|0|0|0|0|0|41667|41667|2000|60000|0|0|0|0|0|0|0|1|0|0|0|0|0|0|1|0
112|22-06-2024|YOL|ABV|5NBYQ|N2|M|J|T|AERO|136|YOLA TICKETING|YOLA TICKETING|RICHARD DAVID UCHENNIA|YOL|NG|OF|AERO|F|||||UOWDMNP|PAX|Domestic|ACT|NGN|22-06-2024|0|8000|0|0|0|8000|0|0|0|0|0|0|0|8000|0|0|0|8000|0|0|0|0|0|0|0|0|0|0|0|0|0|0|1|0|0|0
113|22-06-2024|ABV|YOL|5NBYQ|N2|T|J|T|AERO|136|CALL CENTER|CALL CENTER|OLUCHIE|LOS|NG|OF|AERO|F|ALL||||POWDOMW|PAX|Domestic|ACT|NGN|22-06-2024|0|0|0|0|35714|35714|4000|120000|0|0|0|0|0|0|0|0|35714|35714|4000|120000|0|0|0|0|0|0|0|2|0|0|0|0|0|0|2|0
130|22-06-2024|ABV|LOS|5NBYQ|N2|T|J|T|AERO|136|H.A.M TRAVELS NIG. LTD|H.A.M TRAVELS NIG. LTD|ISAAC ISHAKU SULEIMAN|YOL|NG|AG|AERO|F|||||YOWDOMW|PAX|Domestic|ACT|NGN|22-06-2024|0|0|0|0|70238|70238|2000|60000|0|0|-4214|0|0|0|0|0|70238|70238|2000|60000|0|0|0|0|-4214|0|0|1|0|0|0|0|0|0|1|0
121|22-06-2024|LOS|ABV|5NBYQ|N2|M|J|T|AERO|136|LAGOS TICKETING|LAGOS TICKETING|NJOKUOMA VIVIAN|LOS|NG|OF|AERO|F|ALL||||OOWDOMW|PAX|Domestic|ACT|NGN|22-06-2024|0|2400|0|0|0|2400|0|0|0|0|0|0|0|2400|0|0|0|2400|0|0|0|0|0|0|0|0|0|0|0|0|0|0|1|0|0|0
124|23-06-2024|ABV|LOS|5NBYQ|N2|T|J|T|AERO|136|GODLINK LOGISTICS|GODLINK LOGISTICS|EJOKWU SUNDAY|LOS|NG|AG|AERO|F|||||JOWDMWB|PAX|Domestic|ACT|NGN|22-06-2024|0|0|0|0|121667|121667|2000|60000|0|0|-7300|0|0|0|0|0|121667|121667|2000|60000|0|0|0|0|-7300|0|0|1|0|0|0|0|0|0|1|1
113|22-06-2024|ABV|YOL|5NBYQ|N2|M|J|T|AERO|136|ABUJA TICKETING|ABUJA TICKETING|ASIELUE EDITH IFEOMA|ABV|NG|OF|AERO|F|ALL||||OOWDOMW|PAX|Domestic|ACT|NGN|22-06-2024|0|22400|0|0|0|22400|0|0|0|0|0|0|0|22400|0|0|0|22400|0|0|0|0|0|0|0|0|0|0|0|0|0|0|1|0|0|0
381|23-06-2024|ABV|PHC|5NBYQ|N2|T|J|T|AERO|136|TDIS LOGISTICS LTD|TDIS LOGISTICS LTD|OLUWANIKINYO ADEWALE|ABV|NG|AG|AERO|F|||||TOWDMW|PAX|Domestic|ACT|NGN|22-06-2024|0|0|0|0|2000|2000|2000|60000|0|0|-120|0|0|0|0|0|2000|2000|2000|60000|0|0|0|0|-120|0|0|1|0|0|0|0|0|0|1|1
314|22-06-2024|PHC|LOS|5NBYQ|N2|M|J|T|AERO|136|PORTHARCOURT TICKETING|PORTHARCOURT TICKETING|GLORIA IBANGA|PHG|NG|OF|AERO|F|||||VOWDOMW|PAX|Domestic|ACT|NGN|22-06-2024|0|1600|0|0|0|1600|0|0|0|0|0|0|0|1600|0|0|0|1600|0|0|0|0|0|0|0|0|0|0|0|0|0|0|1|0|0|0
313|23-06-2024|LOS|PHC|5NBYQ|N2|T|J|T|AERO|136|LAGOS TICKETING|LAGOS TICKETING|NJOKUOMA VIVIAN|LOS|NG|OF|AERO|F|ALL||||COWDMWB|PAX|Domestic|ACT|NGN|22-06-2024|0|0|0|0|114048|114048|7500|60000|0|0|0|0|0|0|0|0|114048|114048|7500|60000|0|0|0|0|0|0|0|1|0|0|0|0|0|0|1|1
121|22-06-2024|LOS|ABV|5NBYQ|N2|T|J|T|AERO|136|ZYNEX TRAVELS LIMITED|ZYNEX TRAVELS LIMITED|EZEANI CHUKWUEMEKA OBIOMA|QOW|NG|AG|AERO|F|||||BOWDOMA|PAX|Domestic|ACT|NGN|22-06-2024|0|0|0|0|55952|55952|7500|60000|0|0|-3357|0|0|0|0|0|55952|55952|7500|60000|0|0|0|0|-3357|0|0|1|0|0|0|0|0|0|1|0
382|23-06-2024|PHC|ABV|5NBYQ|N2|T|J|T|AERO|136|B2C|B2C|Internet|LOS|NG|IN|AERO|F|||INTERNET||YOWDOMW|PAX|Domestic|ACT|NGN|22-06-2024|0|0|0|0|280952|280952|8000|240000|0|0|0|0|0|0|0|0|280952|280952|8000|240000|0|0|0|0|0|0|0|4|0|0|0|0|0|0|4|1
0|22-06-2024|N/A|N/A|N/A|NG|M|| |N/A||CALL CENTER|CALL CENTER|P054SB65|LOS|NG|OF|N/A|F|ALL|||||PAX|Domestic|ACT|NGN|22-06-2024|0|0|0|0|0|2240|0|0|0|0|0|0|0|0|0|0|0|2240|0|0|0|0|0|0|0|0|0|0|0|0|0|0|0|0|0|0
313|22-06-2024|LOS|PHC|5NBYQ|N2|M|J|T|AERO|136|LAGOS TICKETING|LAGOS TICKETING|HANIN MARIAM SALAMI|LOS|NG|OF|AERO|F|ALL||||YOWDOMA|PAX|Domestic|ACT|NGN|22-06-2024|0|7200|0|0|0|7200|0|0|0|0|0|0|0|7200|0|0|0|7200|0|0|0|0|0|0|0|0|0|0|0|0|0|0|1|0|0|0
314|22-06-2024|PHC|LOS|5NBYQ|N2|M|J|T|AERO|136|PORTHARCOURT TICKETING|PORTHARCOURT TICKETING|GLORIA IBANGA|PHG|NG|OF|AERO|F|||||SOWDOMW|PAX|Domestic|ACT|NGN|22-06-2024|0|800|0|0|0|800|0|0|0|0|0|0|0|800|0|0|0|800|0|0|0|0|0|0|0|0|0|0|0|0|0|0|1|0|0|0
211|22-06-2024|ABV|SKO|5NBYQ|N2|T|J|T|AERO|136|ABUJA TICKETING|ABUJA TICKETING|ASIELUE EDITH IFEOMA|ABV|NG|OF|AERO|F|ALL||||DOWDMWB|PAX|Domestic|ACT|NGN|22-06-2024|0|0|0|0|106429|106429|2000|60000|0|0|0|0|0|0|0|0|106429|106429|2000|60000|0|0|0|0|0|0|0|1|0|0|0|0|0|0|1|0
0|22-06-2024|N/A|N/A|N/A|NG|M|| |N/A||B2C|B2C|Internet|LOS|NG|IN|N/A|F|||INTERNET|||PAX|Domestic|ACT|NGN|22-06-2024|0|0|0|0|0|42560|0|0|0|0|0|0|0|0|0|0|0|42560|0|0|0|0|0|0|0|0|0|0|0|0|0|0|0|0|0|0
314|23-06-2024|PHC|LOS|5NBYQ|N2|T|J|T|AERO|136|B2C|B2C|Internet|LOS|NG|IN|AERO|F|||INTERNET||YOWDOMW|PAX|Domestic|ACT|NGN|22-06-2024|0|0|0|0|210714|210714|6000|180000|0|0|0|0|0|0|0|0|210714|210714|6000|180000|0|0|0|0|0|0|0|3|0|0|0|0|0|0|3|1
121|22-06-2024|LOS|ABV|5NBYQ|N2|M|J|T|AERO|136|LAGOS TICKETING|LAGOS TICKETING|NJOKUOMA VIVIAN|LOS|NG|OF|AERO|F|ALL||||MOWDMWB|PAX|Domestic|ACT|NGN|22-06-2024|0|16000|0|0|0|16000|0|0|0|0|0|0|0|16000|0|0|0|16000|0|0|0|0|0|0|0|0|0|0|0|0|0|0|2|0|0|0
314|22-06-2024|PHC|LOS|5NBYQ|N2|M|J|T|AERO|136|CALL CENTER|CALL CENTER|P054SB65|LOS|NG|OF|AERO|F|ALL||||SOWDOMW|PAX|Domestic|ACT|NGN|22-06-2024|0|0|0|0|0|3000|0|0|0|0|0|0|0|0|0|0|0|3000|0|0|0|0|0|0|0|0|0|0|0|0|0|0|0|0|0|0
121|22-06-2024|LOS|ABV|5NBYQ|N2|T|J|T|AERO|136|CALL CENTER|CALL CENTER|OLUCHIE|LOS|NG|OF|AERO|F|ALL||||BOWDOMW|PAX|Domestic|ACT|NGN|22-06-2024|0|0|0|0|223808|223808|30000|240000|0|0|0|0|0|0|0|0|223808|223808|30000|240000|0|0|0|0|0|0|0|4|0|0|0|0|0|0|4|0
121|23-06-2024|LOS|ABV|5NBYQ|N2|T|J|T|AERO|136|CHELLAS TRAVELS|CHELLAS TRAVELS|OYOGHO EMMANUEL|ABV|NG|AG|AERO|F|||||JOWDMWB|PAX|Domestic|ACT|NGN|22-06-2024|0|0|0|0|121667|121667|7500|60000|0|0|-7300|0|0|0|0|0|121667|121667|7500|60000|0|0|0|0|-7300|0|0|1|0|0|0|0|0|0|1|1
130|22-06-2024|ABV|LOS|5NBYQ|N2|T|J|T|AERO|136|ABUJA TICKETING|ABUJA TICKETING|P503AH88|ABV|NG|OF|AERO|F|ALL||||YOWDOMW|PAX|Domestic|ACT|NGN|22-06-2024|0|0|0|0|70238|70238|2000|60000|0|0|0|0|0|0|0|0|70238|70238|2000|60000|0|0|0|0|0|0|0|3|0|0|0|0|0|0|3|0
313|22-06-2024|LOS|PHC|5NBYQ|N2|M|J|T|AERO|136|LAGOS TICKETING|LAGOS TICKETING|HANIN MARIAM SALAMI|LOS|NG|OF|AERO|F|ALL||||TOWDMW|PAX|Domestic|ACT|NGN|22-06-2024|0|35200|0|0|0|35200|0|0|0|0|0|0|0|35200|0|0|0|35200|0|0|0|0|0|0|0|0|0|0|0|0|0|0|3|0|0|0
0|22-06-2024|N/A|N/A|N/A|NG|M|| |N/A||H.A.M TRAVELS NIG. LTD|H.A.M TRAVELS NIG. LTD|ISAAC ISHAKU SULEIMAN|YOL|NG|AG|N/A|F||||||PAX|Domestic|ACT|NGN|22-06-2024|0|0|0|0|0|800|0|0|0|0|0|0|0|0|0|0|0|800|0|0|0|0|0|0|0|0|0|0|0|0|0|0|0|0|0|0
211|22-06-2024|ABV|SKO|5NBYQ|N2|M|J|T|AERO|136|ABUJA TICKETING|ABUJA TICKETING|ASIELUE EDITH IFEOMA|ABV|NG|OF|AERO|F|ALL||||VOWDOMW|PAX|Domestic|ACT|NGN|22-06-2024|0|19200|0|0|0|19200|0|0|0|0|0|0|0|19200|0|0|0|19200|0|0|0|0|0|0|0|0|0|0|0|0|0|0|2|0|0|0
130|22-06-2024|ABV|LOS|5NBYQ|N2|T|J|T|AERO|136|CALL CENTER|CALL CENTER|OLUCHIE|LOS|NG|OF|AERO|F|ALL||||JOWDMWB|PAX|Domestic|ACT|NGN|22-06-2024|0|0|0|0|121667|121667|2000|60000|0|0|0|0|0|0|0|0|121667|121667|2000|60000|0|0|0|0|0|0|0|1|0|0|0|0|0|0|1|0
313|22-06-2024|LOS|PHC|5NBYQ|N2|M|J|T|AERO|136|LAGOS TICKETING|LAGOS TICKETING|HANIN MARIAM SALAMI|LOS|NG|OF|AERO|F|ALL||||OOWDOMW|PAX|Domestic|ACT|NGN|22-06-2024|0|7200|0|0|0|7200|0|0|0|0|0|0|0|7200|0|0|0|7200|0|0|0|0|0|0|0|0|0|0|0|0|0|0|1|0|0|0
0|22-06-2024|N/A|N/A|N/A|NG|M|| |N/A||LAGOS TICKETING|LAGOS TICKETING|P857YT51|LOS|NG|OF|N/A|F|ALL|||||PAX|Domestic|ACT|NGN|22-06-2024|0|0|0|0|0|320|0|0|0|0|0|0|0|0|0|0|0|320|0|0|0|0|0|0|0|0|0|0|0|0|0|0|0|0|0|0
121|22-06-2024|LOS|ABV|5NBYQ|N2|T|J|T|AERO|136|RISING SUN TOUR LOGISTICS LTD|RISING SUN TOUR LOGISTICS LTD|SUZAN ADEKANYE|LOS|NG|AG|AERO|F|||||SOWDOMW|PAX|Domestic|ACT|NGN|22-06-2024|0|0|0|0|60714|60714|7500|60000|0|0|-3643|0|0|0|0|0|60714|60714|7500|60000|0|0|0|0|-3643|0|0|1|0|0|0|0|0|0|1|0
121|22-06-2024|LOS|ABV|5NBYQ|N2|T|J|T|AERO|136|B2C|B2C|Internet|LOS|NG|IN|AERO|F|||INTERNET||BOWDOMW|PAX|Domestic|ACT|NGN|22-06-2024|0|0|0|0|55952|55952|7500|60000|0|0|0|0|0|0|0|0|55952|55952|7500|60000|0|0|0|0|0|0|0|1|0|0|0|0|0|0|1|0
314|22-06-2024|PHC|LOS|5NBYQ|N2|T|J|T|AERO|136|HIREALMS GLOBAL|HIREALMS GLOBAL|OLUREMI|PHC|NG|AG|AERO|F|||||SOWDOMW|PAX|Domestic|ACT|NGN|22-06-2024|0|0|0|0|60714|60714|2000|60000|0|0|-3643|0|0|0|0|0|60714|60714|2000|60000|0|0|0|0|-3643|0|0|1|0|0|0|0|0|0|1|0
113|22-06-2024|ABV|YOL|5NBYQ|N2|M|J|T|AERO|136|ABUJA TICKETING|ABUJA TICKETING|ASIELUE EDITH IFEOMA|ABV|NG|OF|AERO|F|ALL||||NOWDOMW|PAX|Domestic|ACT|NGN|22-06-2024|0|62400|0|0|0|62400|0|0|0|0|0|0|0|62400|0|0|0|62400|0|0|0|0|0|0|0|0|0|0|0|0|0|0|2|0|0|0
313|22-06-2024|LOS|PHC|5NBYQ|N2|M|J|T|AERO|136|LAGOS TICKETING|LAGOS TICKETING|HANIN MARIAM SALAMI|LOS|NG|OF|AERO|F|ALL||||NOWDOMA|PAX|Domestic|ACT|NGN|22-06-2024|0|10400|0|0|0|10400|0|0|0|0|0|0|0|10400|0|0|0|10400|0|0|0|0|0|0|0|0|0|0|0|0|0|0|1|0|0|0
313|22-06-2024|LOS|PHC|5NBYQ|N2|M|J|T|AERO|136|CALL CENTER|CALL CENTER|P054SB65|LOS|NG|OF|AERO|F|ALL||||KOWDMWB|PAX|Domestic|ACT|NGN|22-06-2024|0|0|0|0|0|3000|0|0|0|0|0|0|0|0|0|0|0|3000|0|0|0|0|0|0|0|0|0|0|0|0|0|0|0|0|0|0
211|22-06-2024|ABV|SKO|5NBYQ|N2|M|J|T|AERO|136|ABUJA TICKETING|ABUJA TICKETING|ASIELUE EDITH IFEOMA|ABV|NG|OF|AERO|F|ALL||||UOWDMNP|PAX|Domestic|ACT|NGN|22-06-2024|0|5600|0|0|0|5600|0|0|0|0|0|0|0|5600|0|0|0|5600|0|0|0|0|0|0|0|0|0|0|0|0|0|0|1|0|0|0
313|23-06-2024|LOS|PHC|5NBYQ|N2|T|J|T|AERO|136|CALL CENTER|CALL CENTER|BLESSING IKPEAMA|LOS|NG|OF|AERO|F|ALL||||YOWDOMW|PAX|Domestic|ACT|NGN|22-06-2024|0|0|0|0|70238|70238|7500|60000|0|0|0|0|0|0|0|0|70238|70238|7500|60000|0|0|0|0|0|0|0|1|0|0|0|0|0|0|1|1
113|22-06-2024|ABV|YOL|5NBYQ|N2|T|J|T|AERO|136|SATGURU INVESTMENT NIG. LTD|SATGURU INVESTMENT NIG. LTD|NAZ GUL KLAN|LOS|NG|AG|AERO|F|||||POWDOMA|PAX|Domestic|ACT|NGN|22-06-2024|0|0|0|0|17857|17857|2000|60000|0|0|-1071|0|0|0|0|0|17857|17857|2000|60000|0|0|0|0|-1071|0|0|1|0|0|0|0|0|0|1|0
0|22-06-2024|N/A|N/A|N/A|NG|M|| |N/A||CALABAR TICKETING|CALABAR TICKETING|ENO UKPONG|CBQ|NG|OF|N/A|F||||||PAX|Domestic|ACT|NGN|22-06-2024|0|0|0|0|0|320|0|0|0|0|0|0|0|0|0|0|0|320|0|0|0|0|0|0|0|0|0|0|0|0|0|0|0|0|0|0
0|22-06-2024|N/A|N/A|N/A|NG|M|| |N/A||CALL CENTER|CALL CENTER|VIVIAN ONAHI OKWO|LOS|NG|OF|N/A|F|ALL|||||PAX|Domestic|ACT|NGN|22-06-2024|0|0|0|0|0|320|0|0|0|0|0|0|0|0|0|0|0|320|0|0|0|0|0|0|0|0|0|0|0|0|0|0|0|0|0|0
0|22-06-2024|N/A|N/A|N/A|NG|M|| |N/A||TDIS LOGISTICS LTD|TDIS LOGISTICS LTD|NOAH OLADEJO|ABV|NG|AG|N/A|F||||||PAX|Domestic|ACT|NGN|22-06-2024|0|0|0|0|0|320|0|0|0|0|0|0|0|0|0|0|0|320|0|0|0|0|0|0|0|0|0|0|0|0|0|0|0|0|0|0
313|23-06-2024|LOS|PHC|5NBYQ|N2|T|J|T|AERO|136|B2C|B2C|Internet|LOS|NG|IN|AERO|F|||INTERNET||YOWDOMW|PAX|Domestic|ACT|NGN|22-06-2024|0|0|0|0|210714|210714|22500|180000|0|0|0|0|0|0|0|0|210714|210714|22500|180000|0|0|0|0|0|0|0|3|0|0|0|0|0|0|3|1
130|22-06-2024|ABV|LOS|5NBYQ|N2|T|J|T|AERO|136|HB GLOBAL TRAVELS LIMITED|HB GLOBAL TRAVELS LIMITED|RASHIDA SALIHU|YOL|NG|AG|AERO|F|||||YOWDOMA|PAX|Domestic|ACT|NGN|22-06-2024|0|0|0|0|33051|33051|2000|60000|0|0|-1983|0|0|0|0|0|33051|33051|2000|60000|0|0|0|0|-1983|0|0|1|0|0|0|0|0|0|1|0
130|22-06-2024|ABV|LOS|5NBYQ|N2|M|J|T|AERO|136|ABUJA TICKETING|ABUJA TICKETING|P503AH88|ABV|NG|OF|AERO|F|ALL||||ROWDOMW|PAX|Domestic|ACT|NGN|22-06-2024|0|3200|0|0|0|3200|0|0|0|0|0|0|0|3200|0|0|0|3200|0|0|0|0|0|0|0|0|0|0|0|0|0|0|1|0|0|0
0|22-06-2024|N/A|N/A|N/A|NG|M|| |N/A||LILLYPOND INTEGRATED SERVICES LTD|LILLYPOND INTEGRATED SERVICES LTD|BISHOP YABUGBE|SKO|NG|AG|N/A|F||||||PAX|Domestic|ACT|NGN|22-06-2024|0|0|0|0|0|160|0|0|0|0|0|0|0|0|0|0|0|160|0|0|0|0|0|0|0|0|0|0|0|0|0|0|0|0|0|0
0|22-06-2024|N/A|N/A|N/A|NG|M|| |N/A||HEXCEL TRAVELS|HEXCEL TRAVELS|MR ADBUL|SKO|NG|AG|N/A|F||||||PAX|Domestic|ACT|NGN|22-06-2024|0|0|0|0|0|160|0|0|0|0|0|0|0|0|0|0|0|160|0|0|0|0|0|0|0|0|0|0|0|0|0|0|0|0|0|0
130|22-06-2024|ABV|LOS|5NBYQ|N2|M|J|T|AERO|136|CALL CENTER|CALL CENTER|P054SB65|LOS|NG|OF|AERO|F|ALL||||LOWDOMW|PAX|Domestic|ACT|NGN|22-06-2024|0|0|0|0|0|3000|0|0|0|0|0|0|0|0|0|0|0|3000|0|0|0|0|0|0|0|0|0|0|0|0|0|0|0|0|0|0
314|22-06-2024|PHC|LOS|5NBYQ|N2|M|J|T|AERO|136|PORTHARCOURT TICKETING|PORTHARCOURT TICKETING|GLORIA IBANGA|PHG|NG|OF|AERO|F|||||LOWDOMA|PAX|Domestic|ACT|NGN|22-06-2024|0|800|0|0|0|800|0|0|0|0|0|0|0|800|0|0|0|800|0|0|0|0|0|0|0|0|0|0|0|0|0|0|1|0|0|0
314|22-06-2024|PHC|LOS|5NBYQ|N2|T|J|T|AERO|136|PORTHARCOURT TICKETING|PORTHARCOURT TICKETING|GLORIA IBANGA|PHG|NG|OF|AERO|F|||||DOWDMWB|PAX|Domestic|ACT|NGN|22-06-2024|0|0|0|0|212858|212858|4000|120000|0|0|0|0|0|0|0|0|212858|212858|4000|120000|0|0|0|0|0|0|0|2|0|0|0|0|0|0|2|0
121|22-06-2024|LOS|ABV|5NBYQ|N2|T|J|T|AERO|136|CALL CENTER|CALL CENTER|OLUCHIE|LOS|NG|OF|AERO|F|ALL||||QOWDOMW|PAX|Domestic|ACT|NGN|22-06-2024|0|0|0|0|27381|27381|7500|60000|0|0|0|0|0|0|0|0|27381|27381|7500|60000|0|0|0|0|0|0|0|1|0|0|0|0|0|0|1|0
314|22-06-2024|PHC|LOS|5NBYQ|N2|T|J|T|AERO|136|PORTHARCOURT TICKETING|PORTHARCOURT TICKETING|GLORIA IBANGA|PHG|NG|OF|AERO|F|||||YOWDOMW|PAX|Domestic|ACT|NGN|22-06-2024|0|0|0|0|280952|280952|8000|240000|0|0|0|0|0|0|0|0|280952|280952|8000|240000|0|0|0|0|0|0|0|4|0|0|0|0|0|0|4|0
0|22-06-2024|N/A|N/A|N/A|NG|M|| |N/A||LAGOS TICKETING|LAGOS TICKETING|HANIN MARIAM SALAMI|LOS|NG|OF|N/A|F|ALL|||||PAX|Domestic|ACT|NGN|22-06-2024|0|0|0|0|0|160|0|0|0|0|0|0|0|0|0|0|0|160|0|0|0|0|0|0|0|0|0|0|0|0|0|0|0|0|0|0
130|22-06-2024|ABV|LOS|5NBYQ|N2|M|J|T|AERO|136|ABUJA TICKETING|ABUJA TICKETING|P503AH88|ABV|NG|OF|AERO|F|ALL||||LOWDOMW|PAX|Domestic|ACT|NGN|22-06-2024|0|18400|0|0|0|18400|0|0|0|0|0|0|0|18400|0|0|0|18400|0|0|0|0|0|0|0|0|0|0|0|0|0|0|1|0|0|0
313|22-06-2024|LOS|PHC|5NBYQ|N2|T|J|T|AERO|136|CALL CENTER|CALL CENTER|P054SB65|LOS|NG|OF|AERO|F|ALL||||KOWDMWB|PAX|Domestic|ACT|NGN|22-06-2024|0|0|0|0|46429|46429|7500|60000|0|0|0|0|0|0|0|0|46429|46429|7500|60000|0|0|0|0|0|0|0|1|0|0|0|0|0|0|1|0
313|22-06-2024|LOS|PHC|5NBYQ|N2|T|J|T|AERO|136|CALL CENTER|CALL CENTER|P054SB65|LOS|NG|OF|AERO|F|ALL||||YOWDOMW|PAX|Domestic|ACT|NGN|22-06-2024|0|0|0|0|70238|70238|7500|60000|0|0|0|0|0|0|0|0|70238|70238|7500|60000|0|0|0|0|0|0|0|1|0|0|0|0|0|0|1|0
0|22-06-2024|N/A|N/A|N/A|NG|M|| |N/A||PORTHARCOURT TICKETING|PORTHARCOURT TICKETING|GLORIA IBANGA|PHG|NG|OF|N/A|F||||||PAX|Domestic|ACT|NGN|22-06-2024|0|0|0|0|0|2560|0|0|0|0|0|0|0|0|0|0|0|2560|0|0|0|0|0|0|0|0|0|0|0|0|0|0|0|0|0|0
0|22-06-2024|N/A|N/A|N/A|NG|M|| |N/A||ABMAR TRAVELS  AND TOURS|ABMAR TRAVELS  AND TOURS|MOHAMMED AMINU ABUBAKAR|LOS|NG|AG|N/A|F||||||PAX|Domestic|ACT|NGN|22-06-2024|0|0|0|0|0|320|0|0|0|0|0|0|0|0|0|0|0|320|0|0|0|0|0|0|0|0|0|0|0|0|0|0|0|0|0|0
121|22-06-2024|LOS|ABV|5NBYQ|N2|T|J|T|AERO|136|WAKANOW COMPANY LIMITED|WAKANOW COMPANY LIMITED|WAKANOWAPI|LOS|NG|AG|AERO|F|||||BOWDOMA|PAX|Domestic|ACT|NGN|22-06-2024|0|0|0|0|55952|55952|7500|60000|0|0|-3357|0|0|0|0|0|55952|55952|7500|60000|0|0|0|0|-3357|0|0|1|0|0|0|0|0|0|1|0
313|22-06-2024|LOS|PHC|5NBYQ|N2|M|J|T|AERO|136|LAGOS TICKETING|LAGOS TICKETING|HANIN MARIAM SALAMI|LOS|NG|OF|AERO|F|ALL||||QOWDOMW|PAX|Domestic|ACT|NGN|22-06-2024|0|6400|0|0|0|6400|0|0|0|0|0|0|0|6400|0|0|0|6400|0|0|0|0|0|0|0|0|0|0|0|0|0|0|1|0|0|0
130|22-06-2024|ABV|LOS|5NBYQ|N2|T|J|T|AERO|136|SOKOTO TICKETING|SOKOTO TICKETING|BELLO ABDULKADIR|SKO|NG|OF|AERO|F|||||YOWDOMA|PAX|Domestic|ACT|NGN|22-06-2024|0|0|0|0|35970|35970|2000|60000|0|0|0|0|0|0|0|0|35970|35970|2000|60000|0|0|0|0|0|0|0|1|0|0|0|0|0|0|1|0
0|22-06-2024|N/A|N/A|N/A|NG|M|| |N/A||Rafi Consolidated Services Limited|Rafi Consolidated Services Limited|KHALIFA HASSAN|LOS|NG|AG|N/A|F||||||PAX|Domestic|ACT|NGN|22-06-2024|0|0|0|0|0|160|0|0|0|0|0|0|0|0|0|0|0|160|0|0|0|0|0|0|0|0|0|0|0|0|0|0|0|0|0|0
0|22-06-2024|N/A|N/A|N/A|NG|M|| |N/A||LEDONS GLOBAL VENTURES|LEDONS GLOBAL VENTURES|NDUKODON BONGI|YOL|NG|AG|N/A|F||||||PAX|Domestic|ACT|NGN|22-06-2024|0|0|0|0|0|160|0|0|0|0|0|0|0|0|0|0|0|160|0|0|0|0|0|0|0|0|0|0|0|0|0|0|0|0|0|0
141|23-06-2024|LOS|KAN|5NBYQ|N2|T|J|T|AERO|136|B2C|B2C|Internet|LOS|NG|IN|AERO|F|||INTERNET||NOWDOMW|PAX|Domestic|ACT|NGN|22-06-2024|0|0|0|0|26190|26190|15000|120000|0|0|0|0|0|0|0|0|26190|26190|15000|120000|0|0|0|0|0|0|0|2|0|0|0|0|0|0|2|1
0|22-06-2024|N/A|N/A|N/A|NG|M|| |N/A||TDIS LOGISTICS LTD|TDIS LOGISTICS LTD|DAMILOLA ADEWALE|ABV|NG|AG|N/A|F||||||PAX|Domestic|ACT|NGN|22-06-2024|0|0|0|0|0|160|0|0|0|0|0|0|0|0|0|0|0|160|0|0|0|0|0|0|0|0|0|0|0|0|0|0|0|0|0|0
382|23-06-2024|PHC|ABV|5NBYQ|N2|T|J|T|AERO|136|LEDONS GLOBAL VENTURES|LEDONS GLOBAL VENTURES|NDUKODON BONGI|YOL|NG|AG|AERO|F|||||YOWDOMW|PAX|Domestic|ACT|NGN|22-06-2024|0|0|0|0|70238|70238|2000|60000|0|0|-4214|0|0|0|0|0|70238|70238|2000|60000|0|0|0|0|-4214|0|0|1|0|0|0|0|0|0|1|1
0|22-06-2024|N/A|N/A|N/A|NG|M|| |N/A||LILY-RAZI TRAVELS AND LOGISTICS|LILY-RAZI TRAVELS AND LOGISTICS|EFFA DENIS|CBQ|NG|AG|N/A|F||||||PAX|Domestic|ACT|NGN|22-06-2024|0|0|0|0|0|320|0|0|0|0|0|0|0|0|0|0|0|320|0|0|0|0|0|0|0|0|0|0|0|0|0|0|0|0|0|0
124|23-06-2024|ABV|LOS|5NBYQ|N2|T|J|T|AERO|136|B2C|B2C|Internet|LOS|NG|IN|AERO|F|||INTERNET||JOWDMWB|PAX|Domestic|ACT|NGN|22-06-2024|0|0|0|0|121667|121667|2000|60000|0|0|0|0|0|0|0|0|121667|121667|2000|60000|0|0|0|0|0|0|0|1|0|0|0|0|0|0|1|1
313|23-06-2024|LOS|PHC|5NBYQ|N2|T|J|T|AERO|136|TRIPS|TRIPS|JOSEPH ENESU|LOS|NG|AG|AERO|F|||||YOWDOMA|PAX|Domestic|ACT|NGN|22-06-2024|0|0|0|0|70238|70238|7500|60000|0|0|-4214|0|0|0|0|0|70238|70238|7500|60000|0|0|0|0|-4214|0|0|1|0|0|0|0|0|0|1|1
212|22-06-2024|SKO|ABV|5NBYQ|N2|M|J|T|AERO|136|SOKOTO TICKETING|SOKOTO TICKETING|BELLO ABDULKADIR|SKO|NG|OF|AERO|F|||||NOWDOMW|PAX|Domestic|ACT|NGN|22-06-2024|0|20800|0|0|0|20800|0|0|0|0|0|0|0|20800|0|0|0|20800|0|0|0|0|0|0|0|0|0|0|0|0|0|0|1|0|0|0
121|22-06-2024|LOS|ABV|5NBYQ|N2|M|J|T|AERO|136|B2C|B2C|Internet|LOS|NG|IN|AERO|F|||INTERNET||BOWDOMW|PAX|Domestic|ACT|NGN|22-06-2024|0|0|0|0|0|6000|0|0|0|0|0|0|0|0|0|0|0|6000|0|0|0|0|0|0|0|0|0|0|0|0|0|0|0|0|0|0
211|23-06-2024|ABV|SKO|5NBYQ|N2|T|J|T|AERO|136|TDIS LOGISTICS LTD|TDIS LOGISTICS LTD|NOAH OLADEJO|ABV|NG|AG|AERO|F|||||SOWDOMW|PAX|Domestic|ACT|NGN|22-06-2024|0|0|0|0|60714|60714|2000|60000|0|0|-3643|0|0|0|0|0|60714|60714|2000|60000|0|0|0|0|-3643|0|0|1|0|0|0|0|0|0|1|1
130|22-06-2024|ABV|LOS|5NBYQ|N2|M|J|T|AERO|136|ABUJA TICKETING|ABUJA TICKETING|P503AH88|ABV|NG|OF|AERO|F|ALL||||NOWDOMW|PAX|Domestic|ACT|NGN|22-06-2024|0|12000|0|0|0|12000|0|0|0|0|0|0|0|12000|0|0|0|12000|0|0|0|0|0|0|0|0|0|0|0|0|0|0|1|0|0|0
121|22-06-2024|LOS|ABV|5NBYQ|N2|M|J|T|AERO|136|LAGOS TICKETING|LAGOS TICKETING|NJOKUOMA VIVIAN|LOS|NG|OF|AERO|F|ALL||||POWDOMW|PAX|Domestic|ACT|NGN|22-06-2024|0|27200|0|0|0|27200|0|0|0|0|0|0|0|27200|0|0|0|27200|0|0|0|0|0|0|0|0|0|0|0|0|0|0|1|0|0|0
211|22-06-2024|ABV|SKO|5NBYQ|N2|M|J|T|AERO|136|ABUJA TICKETING|ABUJA TICKETING|ASIELUE EDITH IFEOMA|ABV|NG|OF|AERO|F|ALL||||POWDOMW|PAX|Domestic|ACT|NGN|22-06-2024|0|33600|0|0|0|33600|0|0|0|0|0|0|0|33600|0|0|0|33600|0|0|0|0|0|0|0|0|0|0|0|0|0|0|2|0|0|0
130|22-06-2024|ABV|LOS|5NBYQ|N2|M|J|T|AERO|136|ABUJA TICKETING|ABUJA TICKETING|P503AH88|ABV|NG|OF|AERO|F|ALL||||BOWDOMW|PAX|Domestic|ACT|NGN|22-06-2024|0|8000|0|0|0|8000|0|0|0|0|0|0|0|8000|0|0|0|8000|0|0|0|0|0|0|0|0|0|0|0|0|0|0|1|0|0|0
313|22-06-2024|LOS|PHC|5NBYQ|N2|T|J|T|AERO|136|LAGOS TICKETING|LAGOS TICKETING|OGUNNIRAN ABIGAIL|LOS|NG|OF|AERO|F|ALL||||JOWDMWB|PAX|Domestic|ACT|NGN|22-06-2024|0|0|0|0|121667|121667|7500|60000|0|0|0|0|0|0|0|0|121667|121667|7500|60000|0|0|0|0|0|0|0|1|0|0|0|0|0|0|1|0
124|23-06-2024|ABV|LOS|5NBYQ|N2|T|J|T|AERO|136|TDIS LOGISTICS LTD|TDIS LOGISTICS LTD|NOAH OLADEJO|ABV|NG|AG|AERO|F|||||JOWDMWB|PAX|Domestic|ACT|NGN|22-06-2024|0|0|0|0|121667|121667|2000|60000|0|0|-7300|0|0|0|0|0|121667|121667|2000|60000|0|0|0|0|-7300|0|0|1|0|0|0|0|0|0|1|1
313|22-06-2024|LOS|PHC|5NBYQ|N2|T|J|T|AERO|136|CALL CENTER|CALL CENTER|OLUCHIE|LOS|NG|OF|AERO|F|ALL||||UOWDMNP|PAX|Domestic|ACT|NGN|22-06-2024|0|0|0|0|4000|4000|15000|116000|0|0|0|0|0|0|0|0|4000|4000|15000|116000|0|0|0|0|0|0|0|2|0|0|0|0|0|0|2|0
314|22-06-2024|PHC|LOS|5NBYQ|N2|T|J|T|AERO|136|CHELLAS TRAVELS|CHELLAS TRAVELS|OYOGHO EMMANUEL|ABV|NG|AG|AERO|F|||||YOWDOMW|PAX|Domestic|ACT|NGN|22-06-2024|0|0|0|0|70238|70238|2000|60000|0|0|-4214|0|0|0|0|0|70238|70238|2000|60000|0|0|0|0|-4214|0|0|1|0|0|0|0|0|0|1|0
130|22-06-2024|ABV|LOS|5NBYQ|N2|M|J|T|AERO|136|ABUJA TICKETING|ABUJA TICKETING|P503AH88|ABV|NG|OF|AERO|F|ALL||||NOWDOMA|PAX|Domestic|ACT|NGN|22-06-2024|0|3200|0|0|0|3200|0|0|0|0|0|0|0|3200|0|0|0|3200|0|0|0|0|0|0|0|0|0|0|0|0|0|0|1|0|0|0
381|23-06-2024|ABV|PHC|5NBYQ|N2|T|J|T|AERO|136|B2C|B2C|Internet|LOS|NG|IN|AERO|F|||INTERNET||YOWDOMW|PAX|Domestic|ACT|NGN|22-06-2024|0|0|0|0|210714|210714|6000|180000|0|0|0|0|0|0|0|0|210714|210714|6000|180000|0|0|0|0|0|0|0|3|0|0|0|0|0|0|3|1
314|22-06-2024|PHC|LOS|5NBYQ|N2|T|J|T|AERO|136|CALL CENTER|CALL CENTER|P054SB65|LOS|NG|OF|AERO|F|ALL||||YOWDOMW|PAX|Domestic|ACT|NGN|22-06-2024|0|0|0|0|70238|70238|2000|60000|0|0|0|0|0|0|0|0|70238|70238|2000|60000|0|0|0|0|0|0|0|1|0|0|0|0|0|0|1|0
121|22-06-2024|LOS|ABV|5NBYQ|N2|M|J|T|AERO|136|LAGOS TICKETING|LAGOS TICKETING|NJOKUOMA VIVIAN|LOS|NG|OF|AERO|F|ALL||||TOWDMW|PAX|Domestic|ACT|NGN|22-06-2024|0|8000|0|0|0|8000|0|0|0|0|0|0|0|8000|0|0|0|8000|0|0|0|0|0|0|0|0|0|0|0|0|0|0|2|0|0|0
